,action_ahead_1_linear_layer2_channel[35]_tick3,action_ahead_1_linear_layer2_channel[53]_tick3,action_ahead_1_linear_layer2_channel[54]_tick3,action_ahead_1_linear_layer2_channel[58]_tick3,action_ahead_1_linear_layer2_channel[56]_tick3
train_loss,1.4854817918755792,1.4726903587579727,1.4582208137620578,1.4929700832475314,1.4572014591910623
val_loss,1.5029151082038879,1.4987868785858154,1.4691831946372986,1.517495059967041,1.4483290672302247
val_acc,0.3758169934640523,0.3790849673202614,0.4150326797385621,0.42483660130718953,0.43137254901960786
test_acc,0.3159420289855073,0.3333333333333333,0.33043478260869563,0.3159420289855073,0.3130434782608696
