,action_traj_1_linear_layer0_channelhidden_tick3,action_traj_1_linear_layer0_channelcell_tick3,action_traj_1_linear_layer0_channelxenc_tick3,action_traj_1_linear_layer0_channelhiddenxenc_tick3,action_traj_1_linear_layer1_channelhidden_tick3,action_traj_1_linear_layer1_channelcell_tick3,action_traj_1_linear_layer1_channelxenc_tick3,action_traj_1_linear_layer1_channelhiddenxenc_tick3,action_traj_1_linear_layer2_channelhidden_tick3,action_traj_1_linear_layer2_channelcell_tick3,action_traj_1_linear_layer2_channelxenc_tick3,action_traj_1_linear_layer2_channelhiddenxenc_tick3
train_loss,2.557875700791677,2.559760280450185,2.66050884326299,2.511841575304667,2.643954841295878,2.825261457761129,2.649979837735494,2.551599983374278,2.3628634134928386,2.3654603521029154,2.6558398246765136,2.362161346276601
val_loss,3.077462315559387,3.075957973798116,3.06691845258077,3.0553256273269653,3.0600860913594565,3.1055771112442017,3.06428853670756,3.049794634183248,2.8744448820749917,2.8470164934794107,3.070796330769857,2.8730210860570273
val_acc,0.19021739130434784,0.17391304347826086,0.15217391304347827,0.15217391304347827,0.1956521739130435,0.14130434782608695,0.15760869565217392,0.17391304347826086,0.3695652173913043,0.391304347826087,0.14673913043478262,0.3532608695652174
test_acc,0.15708812260536398,0.18007662835249041,0.13026819923371646,0.15708812260536398,0.12643678160919541,0.15708812260536398,0.12643678160919541,0.16091954022988506,0.4559386973180077,0.4099616858237548,0.14559386973180077,0.42911877394636017
