,action_linear_layer0_channelhidden_tick3,action_linear_layer0_channelcell_tick3,action_linear_layer0_channelxenc_tick3,action_linear_layer0_channelhiddenxenc_tick3,action_linear_layer1_channelhidden_tick3,action_linear_layer1_channelcell_tick3,action_linear_layer1_channelxenc_tick3,action_linear_layer1_channelhiddenxenc_tick3,action_linear_layer2_channelhidden_tick3,action_linear_layer2_channelcell_tick3,action_linear_layer2_channelxenc_tick3,action_linear_layer2_channelhiddenxenc_tick3
train_loss,1.003821765619611,0.975210982655722,1.2176513160978044,0.985462622983115,1.1414828773528811,1.1700512946598114,1.2172211332926675,1.0844013246278914,0.9154540962643094,0.9163965705841307,1.215532174186101,0.9162948566769796
val_loss,1.4157638038907732,1.3457473346165247,1.4819568736212594,1.3445966584341866,1.4648677621568953,1.4723782198769706,1.4782475233078003,1.4559296539851598,1.0541770969118391,1.054470453943525,1.474954400743757,1.057572943823678
val_acc,0.4873096446700508,0.5380710659898477,0.3553299492385787,0.6142131979695431,0.45685279187817257,0.41624365482233505,0.36548223350253806,0.45685279187817257,0.8274111675126904,0.8223350253807107,0.36548223350253806,0.8071065989847716
test_acc,0.5255474452554745,0.5218978102189781,0.3175182481751825,0.4781021897810219,0.36496350364963503,0.40145985401459855,0.32116788321167883,0.354014598540146,0.7737226277372263,0.7846715328467153,0.30656934306569344,0.8357664233576643
