,adj_walls_linear_layer0_channelxenc_tick3,adj_walls_linear_layer0_channelcell_tick3,adj_walls_linear_layer0_channelhidden_tick3,adj_walls_linear_layer0_channelhiddenxenc_tick3,adj_walls_linear_layer1_channelxenc_tick3,adj_walls_linear_layer1_channelcell_tick3,adj_walls_linear_layer1_channelhidden_tick3,adj_walls_linear_layer1_channelhiddenxenc_tick3,adj_walls_linear_layer2_channelxenc_tick3,adj_walls_linear_layer2_channelcell_tick3,adj_walls_linear_layer2_channelhidden_tick3,adj_walls_linear_layer2_channelhiddenxenc_tick3
train_loss,0.9500995997398619,0.911623391840193,0.931804186768002,0.8902714999895247,0.9487370091771322,0.949022028181288,0.9344172846703303,0.8911294937133789,0.9572362824091836,0.8989561114992414,0.9147333010794625,0.8906197822283185
val_loss,0.991941325366497,1.1739548593759537,1.105007365345955,0.9914358928799629,0.9915737882256508,1.2675840109586716,1.055700145661831,1.0400518625974655,0.9930056855082512,1.0315852016210556,1.0494184494018555,1.0347782596945763
val_acc,0.7446808510638298,0.548936170212766,0.6297872340425532,0.7319148936170212,0.7276595744680852,0.5063829787234042,0.6808510638297872,0.7021276595744681,0.7319148936170212,0.6936170212765957,0.6680851063829787,0.7319148936170212
test_acc,0.6212765957446809,0.5702127659574469,0.6042553191489362,0.6297872340425532,0.6212765957446809,0.5361702127659574,0.6170212765957447,0.6297872340425532,0.625531914893617,0.574468085106383,0.5446808510638298,0.5659574468085107
