,num_boxnotontar_until_change_linear_layer0_channelhidden_tick3,num_boxnotontar_until_change_linear_layer0_channelcell_tick3,num_boxnotontar_until_change_linear_layer0_channelxenc_tick3,num_boxnotontar_until_change_linear_layer0_channelhiddenxenc_tick3,num_boxnotontar_until_change_linear_layer1_channelhidden_tick3,num_boxnotontar_until_change_linear_layer1_channelcell_tick3,num_boxnotontar_until_change_linear_layer1_channelxenc_tick3,num_boxnotontar_until_change_linear_layer1_channelhiddenxenc_tick3,num_boxnotontar_until_change_linear_layer2_channelhidden_tick3,num_boxnotontar_until_change_linear_layer2_channelcell_tick3,num_boxnotontar_until_change_linear_layer2_channelxenc_tick3,num_boxnotontar_until_change_linear_layer2_channelhiddenxenc_tick3
train_loss,4.408884964292011,4.444980167207264,4.43965482711792,4.382424922216506,4.4134468653845405,4.525748759981186,4.4268783160618375,4.365794007740323,4.328746992444235,4.39110933788239,4.4277469468495205,4.321405319940476
val_loss,4.667150906154087,4.68954713003976,4.696022714887347,4.689643314906529,4.649506773267474,4.708613668169294,4.680045332227435,4.638326644897461,4.657754898071289,4.666386127471924,4.68429034096854,4.701320035117013
val_acc,0.13705583756345177,0.12690355329949238,0.116751269035533,0.116751269035533,0.14213197969543148,0.09644670050761421,0.14213197969543148,0.12690355329949238,0.10152284263959391,0.14213197969543148,0.1218274111675127,0.08629441624365482
test_acc,0.10948905109489052,0.11678832116788321,0.10948905109489052,0.11678832116788321,0.09854014598540146,0.11313868613138686,0.09854014598540146,0.11678832116788321,0.13503649635036497,0.13138686131386862,0.10218978102189781,0.11313868613138686
