{"rmean_episode_return": 12.924492328049382, "step": 50000000, "real_step": 50000000, "tot_eps": 892803, "episode_returns": [13.54, 13.73, 13.58, 13.210001, 13.9, 13.809999, 13.49, 13.67, 13.370001], "episode_lens": [46, 27, 42, 79, 10, 19, 51, 33, 63], "done_ids": [26, 31, 25, 20, 26, 19, 27, 29, 21], "actor/total_norm": 951.07470703125, "actor/mean_abs_v": 6.817389011383057, "actor/pg_loss": 16.44193458557129, "actor/baseline_loss": 29.12360191345215, "actor/entropy_loss": -105.02445983886719, "actor/reg_loss": 5.646499156951904, "actor/enc_loss": 0.0, "actor/total_loss": 16.44193458557129, "sps": 828.547994189852, "_timestamp": 1707732930.0769656, "_runtime": 60134.79575967789, "_step": 50000000, "_wandb": {"runtime": 60134}}