,layer0_hidden_states,layer1_hidden_states,layer2_hidden_states,x_hidden_states
Acc,0.9645348733180648,0.9678065953335242,0.9680141533066132,0.9306541654738048
Precision_0,0.9802041961908895,0.983412187815934,0.982209505158038,0.9361747529304784
Recall_0,0.980779833223396,0.9811219516997627,0.9825987221013458,0.9912698256426412
F1_0,0.9804919302194599,0.9822657347895822,0.9824040750788993,0.9629348562597161
Precision_1,0.8075340001084454,0.8163235005340268,0.8260805392241273,0.790133244976688
Recall_1,0.8028128981672057,0.8352494364402626,0.8228217191022248,0.3272125845339606
F1_1,0.805166528640272,0.8256780291194644,0.824447908866602,0.46277801265568363
Avg_F1,0.805166528640272,0.8256780291194644,0.824447908866602,0.46277801265568363
