,layer0_hidden_states,layer1_hidden_states,layer2_hidden_states,x_hidden_states
Acc,0.9766864085313484,0.9785741125107358,0.9760203442599484,0.932150014314343
Precision_0,0.9880977979964569,0.9899474375821288,0.9867149907054643,0.9424356769163708
Recall_0,0.9862241934372323,0.9864388174022624,0.9868990775107558,0.9855310958620893
F1_0,0.9871601067042977,0.9881900131172764,0.9868070255228572,0.9635017351594658
Precision_1,0.8653997845242218,0.8695967054813973,0.8693348913251604,0.7355936167533239
Recall_1,0.8817357639909831,0.9002793296089385,0.867720278349505,0.4007301773988043
F1_1,0.8734914023283136,0.8846720600982375,0.8685268344365663,0.5188214170150939
Avg_F1,0.8734914023283136,0.8846720600982375,0.8685268344365663,0.5188214170150939
