,layer0_hidden_states,layer1_hidden_states,layer2_hidden_states,x_hidden_states
Acc,0.9705426390441587,0.9707151341531582,0.9725448923979877,0.9012633629122415
Precision_0,0.9854656810540353,0.984897849710576,0.9860241705457883,0.9286089945149146
Recall_0,0.9775892944889112,0.978389150351063,0.9795586324375676,0.9495566669214558
F1_0,0.9815116865162623,0.981632711193693,0.9827807677033263,0.938966013286086
Precision_1,0.9132160201615717,0.9158624618445553,0.9203997023493143,0.7784510686460938
Recall_1,0.9423833835144216,0.9400488720164071,0.9445171706593358,0.7082776977789415
F1_1,0.927570467262023,0.9277980671501662,0.9323024906050458,0.7417082970150669
Avg_F1,0.927570467262023,0.9277980671501662,0.9323024906050458,0.7417082970150669
