,layer0_hidden_states,layer1_hidden_states,layer2_hidden_states,x_hidden_states
Acc,0.9644990874606355,0.9679810513884912,0.96826197036931,0.9306541654738048
Precision_0,0.9803111730279309,0.9837513840819347,0.9826764155119498,0.9361747529304784
Recall_0,0.9806282181288335,0.980967383064397,0.9823924665019247,0.9912698256426412
F1_0,0.9804696699484223,0.9823574111123243,0.9825344204918701,0.9629348562597161
Precision_1,0.8065269440470396,0.815718105515016,0.8252161038275665,0.790133244976688
Recall_1,0.8039302166029599,0.8386994021366265,0.8275899245320004,0.3272125845339606
F1_1,0.8052264868221164,0.8270491387371366,0.8264013094955555,0.46277801265568363
Avg_F1,0.8052264868221164,0.8270491387371366,0.8264013094955555,0.46277801265568363
