,layer0_hidden_states,layer1_hidden_states,layer2_hidden_states,x_hidden_states
Acc,0.9645353206412826,0.9677721514457487,0.9683237009733753,0.9306541654738048
Precision_0,0.9804400941891738,0.9833099663653792,0.9828497153358121,0.9361747529304784
Recall_0,0.9805346893367332,0.9811888986246345,0.9822822009786065,0.9912698256426412
F1_0,0.9804873894813734,0.9822482874374959,0.9825658762104089,0.9629348562597161
Precision_1,0.8060324530078876,0.8166684257491292,0.8246237203568627,0.790133244976688
Recall_1,0.8052582573752818,0.8342056257963344,0.829363912574733,0.3272125845339606
F1_1,0.805645169198184,0.8253438771205958,0.8269870239657164,0.46277801265568363
Avg_F1,0.805645169198184,0.8253438771205958,0.8269870239657164,0.46277801265568363
