,layer0_hidden_states,layer1_hidden_states,layer2_hidden_states,x_hidden_states
Acc,0.9584288631745943,0.9841710387152439,0.980108773553397,0.9277803097776169
Precision_0,0.9724483935268083,0.9905697503313916,0.9862793313626494,0.9262270979876176
Recall_0,0.9812472392688829,0.9917150063481597,0.9915182547942364,0.9986670569230492
F1_0,0.9768280027469644,0.991142047506544,0.9888918544718549,0.9610840031176666
Precision_1,0.8307621986058736,0.930201738802204,0.9259517512904021,0.9679931706290271
Recall_1,0.7680461591597083,0.9212287438288536,0.8849149753154142,0.336344243310782
F1_1,0.7981741060023521,0.9256934974154615,0.9049683878970212,0.49922501191129554
Avg_F1,0.7981741060023521,0.9256934974154615,0.9049683878970212,0.49922501191129554
