,layer0_hidden_states,layer1_hidden_states,layer2_hidden_states,x_hidden_states
Acc,0.9767852669624965,0.9785718758946464,0.9760995204695104,0.9320779952762668
Precision_0,0.9880408526131481,0.9899314387392119,0.9870713812228704,0.9422252107230294
Recall_0,0.9863925452630128,0.9864526005926771,0.9866214446752581,0.9856955096334656
F1_0,0.987216010913576,0.9881889579343658,0.9868463616637543,0.9634702811860436
Precision_1,0.866747971790657,0.8696916178580391,0.8674153356814611,0.7366341299835957
Recall_1,0.8811428011369206,0.9001176124669215,0.8713515632657062,0.39830442026854845
F1_1,0.8738861118468855,0.8846430781753074,0.869378994049569,0.5170405570027704
Avg_F1,0.8738861118468855,0.8846430781753074,0.869378994049569,0.5170405570027704
