,layer0_hidden_states,layer1_hidden_states,layer2_hidden_states,x_hidden_states
Acc,0.9643832307472087,0.9681018286573146,0.9681850307758374,0.9306541654738048
Precision_0,0.9800143032525636,0.9841621996264334,0.9823993865722114,0.9361747529304784
Recall_0,0.9808073996042256,0.9806794128360883,0.98259330727654,0.9912698256426412
F1_0,0.9804106910359881,0.9824177195183803,0.9824963373555768,0.9629348562597161
Precision_1,0.807381827523516,0.814205037656983,0.8263715328072906,0.790133244976688
Recall_1,0.8008771929824562,0.8428893462707047,0.8247476232480643,0.3272125845339606
F1_1,0.8041163561932316,0.8282989292310063,0.8255587794534962,0.46277801265568363
Avg_F1,0.8041163561932316,0.8282989292310063,0.8255587794534962,0.46277801265568363
