,layer0_hidden_states,layer1_hidden_states,layer2_hidden_states,x_hidden_states
Acc,0.9775616615427614,0.9794717719396311,0.9801936312185578,0.8973710871995528
Precision_0,0.9878735713525535,0.9906965249707185,0.9893331812531154,0.9235548228866047
Recall_0,0.9840020764459988,0.9835496297915357,0.9858457419196197,0.9502352394743313
F1_0,0.9859340233368957,0.9871101412762299,0.9875863828189297,0.936705083372655
Precision_1,0.9373139888917913,0.9363627523928705,0.9444524265473783,0.7762369718084924
Recall_1,0.9519320677582795,0.9632439602496358,0.9577010894383196,0.6869984995759671
F1_1,0.94456647448733,0.9496131592317636,0.9510306189544058,0.7288965383586042
Avg_F1,0.94456647448733,0.9496131592317636,0.9510306189544058,0.7288965383586042
