,layer0_hidden_states,layer1_hidden_states,layer2_hidden_states,x_hidden_states
Acc,0.9696010708619778,0.9753011146984331,0.9767845090317014,0.8242253820033956
Precision_0,0.9818287850070909,0.9862188555261476,0.9825608280771271,0.8185906321888142
Recall_0,0.979614506611772,0.9824345448624666,0.9881236607160077,0.998591633886523
F1_0,0.9807203959571331,0.9843230629346462,0.9853343930365084,0.8996761328153312
Precision_1,0.9242919702054514,0.9351460987771361,0.9545573377860986,0.9701098078654707
Recall_1,0.9320988800772617,0.9485850837930031,0.9343172639794299,0.17119113802062375
F1_1,0.9281790094598913,0.9418176528318741,0.9443288604952138,0.29102613576565517
Avg_F1,0.9281790094598913,0.9418176528318741,0.9443288604952138,0.29102613576565517
