,layer0_hidden_states,layer1_hidden_states,layer2_hidden_states,x_hidden_states
Acc,0.969267552963069,0.9737707557973089,0.9753788827655311,0.820197090609791
Precision_0,0.9807269560560408,0.9859869696239637,0.98127537035606,0.8131332478542678
Recall_0,0.979978399838542,0.9804094882911459,0.987372081362514,1.0
F1_0,0.9803525350557526,0.9831903189814427,0.9843142853967339,0.8969371101837785
Precision_1,0.9282094490707142,0.9309664694280079,0.953558932866827,1.0
Recall_1,0.9307567544232915,0.9499012249747666,0.9322573947650264,0.17371659276526902
F1_1,0.9294813564854304,0.94033853880498,0.9427878563610453,0.2960111390365434
Avg_F1,0.9294813564854304,0.94033853880498,0.9427878563610453,0.2960111390365434
