,layer0_hidden_states,layer1_hidden_states,layer2_hidden_states,x_hidden_states
Acc,0.9871600065406775,0.9918859069275515,0.9879975959531297,0.9322974651395809
Precision_0,0.9913229376257545,0.9945232101270303,0.992186733141877,0.9400366188587123
Recall_0,0.9943243994816279,0.9964005179825564,0.9943896586604044,0.9871517339217698
F1_0,0.9928214000810617,0.9954609789669482,0.9932869744830114,0.9630182508289946
Precision_1,0.9514189955312479,0.9694875510364159,0.9523072209848228,0.8157552901738948
Recall_1,0.9273846528920583,0.9542187277787936,0.934666097803783,0.4746266837325532
F1_1,0.9392480961659941,0.9617925436279268,0.9434041968538975,0.6001001810965977
Avg_F1,0.9392480961659941,0.9617925436279268,0.9434041968538975,0.6001001810965977
