,layer0_hidden_states,layer1_hidden_states,layer2_hidden_states,x_hidden_states
Acc,0.9646538612940166,0.9677471013455482,0.9683357787002577,0.9306541654738048
Precision_0,0.9807715321755738,0.9832894777086152,0.9828780078376669,0.9361747529304784
Recall_0,0.9803230189125063,0.9811820070294272,0.9822664487609897,0.9912698256426412
F1_0,0.9805472242552975,0.9822346119294352,0.9825721331397834,0.9629348562597161
Precision_1,0.8049992926449712,0.8165766215321427,0.8245455962284,0.790133244976688
Recall_1,0.8086641183965501,0.8339998039792218,0.8296530432225816,0.3272125845339606
F1_1,0.806827543888385,0.8251962547942415,0.8270914349363923,0.46277801265568363
Avg_F1,0.806827543888385,0.8251962547942415,0.8270914349363923,0.46277801265568363
