,layer0_hidden_states,layer1_hidden_states,layer2_hidden_states,x_hidden_states
Acc,0.9694469295734326,0.9736710027197252,0.9754925028628686,0.820197090609791
Precision_0,0.9816764744823886,0.9851303782761044,0.981790469257412,0.8131332478542678
Recall_0,0.9792271395909005,0.981157889862046,0.9869821578549862,1.0
F1_0,0.9804502773231575,0.9831401212637161,0.9843794682683982,0.8969371101837785
Precision_1,0.9259753516033274,0.9332214819497804,0.9522872529913455,1.0
Recall_1,0.934282231390518,0.9467519359288245,0.9341815034771687,0.17371659276526902
F1_1,0.9301102445353542,0.939938018574019,0.9431474915142025,0.2960111390365434
Avg_F1,0.9301102445353542,0.939938018574019,0.9431474915142025,0.2960111390365434
