,layer0_hidden_states,layer1_hidden_states,layer2_hidden_states,x_hidden_states
Acc,0.9692993129115374,0.9737430217578014,0.9755068172058402,0.820197090609791
Precision_0,0.9806628364567488,0.9855001617028952,0.9817255967883178,0.8131332478542678
Recall_0,0.9800864578193671,0.9808720221879054,0.9870684898925767,1.0
F1_0,0.9803745624223998,0.9831806454496794,0.984389793596323,0.8969371101837785
Precision_1,0.9285519408722694,0.9323674427348976,0.9525768440474692,1.0
Recall_1,0.9305141851625728,0.9481107349231899,0.9339368785447489,0.17371659276526902
F1_1,0.9295320274429999,0.9401731877056299,0.9431647738891156,0.2960111390365434
Avg_F1,0.9295320274429999,0.9401731877056299,0.9431647738891156,0.2960111390365434
