,layer0_hidden_states,layer1_hidden_states,layer2_hidden_states,x_hidden_states
Acc,0.9762797917263097,0.9784112868594331,0.9760364478957916,0.9321826689092471
Precision_0,0.9858338477919534,0.9890887137585194,0.9863777089783282,0.9427919840846232
Recall_0,0.9880957537928386,0.9871324072342059,0.9872638397999468,0.9851486123280793
F1_0,0.9869635048447714,0.988109592200058,0.9868205754604532,0.9635050131349407
Precision_1,0.8787205552685821,0.8743740328146176,0.8720646772319331,0.7325188619861162
Recall_1,0.8586494168381849,0.8915907086151132,0.8642654121336861,0.40489561893560716
F1_1,0.868569049147497,0.8828984466368062,0.8681475282737912,0.521522598807649
Avg_F1,0.868569049147497,0.8828984466368062,0.8681475282737912,0.521522598807649
