,layer0_hidden_states,layer1_hidden_states,layer2_hidden_states,x_hidden_states
Acc,0.9872935163795263,0.9923716739959364,0.9880219495393693,0.931998698822678
Precision_0,0.9918959154422325,0.9953983997819654,0.9922252146217865,0.93873280382776
Recall_0,0.9938909616524403,0.9960620468687525,0.9943779704492802,0.9883541586411675
F1_0,0.9928924363729775,0.9957301127463474,0.9933004261330812,0.9629046208972106
Precision_1,0.9481599338774667,0.9669603164225942,0.9522284295468653,0.8261694471704285
Recall_1,0.9322484305479368,0.9615814388167652,0.9349911623087707,0.4618028890107881
F1_1,0.9401368628093755,0.9642633765313003,0.9435310760525264,0.5924466338259442
Avg_F1,0.9401368628093755,0.9642633765313003,0.9435310760525264,0.5924466338259442
