,layer0_hidden_states,layer1_hidden_states,layer2_hidden_states,x_hidden_states
Acc,0.9695628009407442,0.9753385148487295,0.9768936652843108,0.8242253820033956
Precision_0,0.9811826711583815,0.9873159774558005,0.983006172545033,0.8185906321888142
Recall_0,0.9802349370670831,0.9813611891546993,0.9878007723973465,0.998591633886523
F1_0,0.9807085751457076,0.9843295773838342,0.9853976402947295,0.8996761328153312
Precision_1,0.9262429576016779,0.9317361305906973,0.9534614859112741,0.9701098078654707
Recall_1,0.9295936539775107,0.9527824724971986,0.9360445080037227,0.17119113802062375
F1_1,0.9279152809634504,0.9421417785577276,0.9446727243570385,0.29102613576565517
Avg_F1,0.9279152809634504,0.9421417785577276,0.9446727243570385,0.29102613576565517
