,layer0_hidden_states,layer1_hidden_states,layer2_hidden_states,x_hidden_states
Acc,0.9610217824203465,0.9836190783957518,0.980426827138066,0.9303316273057574
Precision_0,0.9766198038082456,0.9918266783925184,0.9880473116525481,0.9297817891961938
Recall_0,0.9800339320007376,0.989906519138203,0.9901707158173043,0.9977278112497184
F1_0,0.9783238892805528,0.9908656685161308,0.9891078741119969,0.9625572285190772
Precision_1,0.8195807393338258,0.9130596952374567,0.9122476283142787,0.944693147634951
Recall_1,0.7944832994506315,0.9285437257333794,0.8950744353948507,0.33996922853989
F1_1,0.8068368965614254,0.9207366163403734,0.9035794419263029,0.5000015670493401
Avg_F1,0.8068368965614254,0.9207366163403734,0.9035794419263029,0.5000015670493401
