,layer0_hidden_states,layer1_hidden_states,layer2_hidden_states,x_hidden_states
Acc,0.9900876555150435,0.992257734003173,0.9886416613320715,0.9335903796376186
Precision_0,0.9937939666884107,0.9951169412648342,0.9925632300157432,0.9428286520749014
Recall_0,0.995128504184253,0.9962296490052246,0.9947501072448909,0.9854861914299416
F1_0,0.994460787708893,0.9956729842603375,0.9936554653897597,0.9636855938063897
Precision_1,0.9583799080003158,0.9678493664848724,0.9548148892349425,0.801575902653102
Recall_1,0.9475091818876482,0.9587082090594625,0.9370455273731174,0.49524267297690355
F1_1,0.9529135429599621,0.9632571012261392,0.9458467586429966,0.6122284181978852
Avg_F1,0.9529135429599621,0.9632571012261392,0.9458467586429966,0.6122284181978852
