,layer0_hidden_states,layer1_hidden_states,layer2_hidden_states,x_hidden_states
Acc,0.9645116125107358,0.9676876073575723,0.9680691740624106,0.9306541654738048
Precision_0,0.9801465238584584,0.9832097126083275,0.98234538492583,0.9361747529304784
Recall_0,0.9808137989426324,0.981197759247044,0.9825194687564609,0.9912698256426412
F1_0,0.9804800478704466,0.9822027056026676,0.9824324191293733,0.9629348562597161
Precision_1,0.8076940156011783,0.8165567652977422,0.8256701030927835,0.790133244976688
Recall_1,0.8022199353131432,0.8331912182691366,0.8242134666274625,0.3272125845339606
F1_1,0.8049476688867745,0.8247901289666899,0.8249411418481459,0.46277801265568363
Avg_F1,0.8049476688867745,0.8247901289666899,0.8249411418481459,0.46277801265568363
