,layer0_hidden_states,layer1_hidden_states,layer2_hidden_states,x_hidden_states
Acc,0.9765678678786144,0.9787391747781277,0.9759827691096479,0.9320811265387918
Precision_0,0.987638752343852,0.9904904828186383,0.9863759480889193,0.9419159835198371
Recall_0,0.9865618816023943,0.9860706093154676,0.9872057534974845,0.9860651944906619
F1_0,0.987100023271821,0.9882756043321728,0.9867906763446307,0.9634850983781683
Precision_1,0.8676572536662223,0.8672281524926686,0.8715548724740674,0.7399165763216405
Recall_1,0.8770753699892189,0.9057532098402431,0.864255611094776,0.3946584337939822
F1_1,0.8723408921978384,0.886072126274914,0.8678898947124954,0.514755418629475
Avg_F1,0.8723408921978384,0.886072126274914,0.8678898947124954,0.514755418629475
