,layer0_hidden_states,layer1_hidden_states,layer2_hidden_states,x_hidden_states
Acc,0.964521006298311,0.9680705160320642,0.968255260521042,0.9306541654738048
Precision_0,0.9801472013348668,0.9841138193470562,0.9826344610676139,0.9361747529304784
Recall_0,0.980823644078643,0.9806941805401042,0.9824284012483633,0.9912698256426412
F1_0,0.9804853060362836,0.9824010240982124,0.9825314203540978,0.9629348562597161
Precision_1,0.8077746745748996,0.8142327313031986,0.8254354821356963,0.790133244976688
Recall_1,0.8022248358325983,0.8423992943251984,0.8271586788199549,0.3272125845339606
F1_1,0.8049901897629316,0.8280765645661269,0.8262961820700729,0.46277801265568363
Avg_F1,0.8049901897629316,0.8280765645661269,0.8262961820700729,0.46277801265568363
