,layer0_hidden_states,layer1_hidden_states,layer2_hidden_states,x_hidden_states
Acc,0.9733528277992708,0.972301709621754,0.9745257139079851,0.8992409509031701
Precision_0,0.9860630419205182,0.9841249677589323,0.9854047848982344,0.9235500874038518
Recall_0,0.9801264211926128,0.9807638112180644,0.9823071977736484,0.9512115914715233
F1_0,0.9830857691787458,0.9824415146760884,0.9838535532133709,0.9371767711510601
Precision_1,0.9268531836875266,0.9285137161290059,0.9341828032507274,0.7930261501855195
Recall_1,0.9478569297576822,0.9404502436437167,0.9452361023635097,0.7036227500248616
F1_1,0.9372373965718921,0.9344438623270674,0.9396769492974136,0.7456541618501552
Avg_F1,0.9372373965718921,0.9344438623270674,0.9396769492974136,0.7456541618501552
