,layer0_hidden_states,layer1_hidden_states,layer2_hidden_states,x_hidden_states
Acc,0.9692618601964986,0.9753585195802833,0.9767897276573242,0.8242253820033956
Precision_0,0.9804539139000389,0.9865368576075941,0.9828191296911489,0.8185906321888142
Recall_0,0.9806035587141552,0.9821827360542276,0.9878613828325902,0.998591633886523
F1_0,0.980528730597532,0.984354981931277,0.9853338056178963,0.8996761328153312
Precision_1,0.9273151493877888,0.9343560760621766,0.95364798559153,0.9701098078654707
Recall_1,0.9267850767767192,0.949800551810098,0.9353243070903676,0.17119113802062375
F1_1,0.9270500373104674,0.9420150145724858,0.9443972733608859,0.29102613576565517
Avg_F1,0.9270500373104674,0.9420150145724858,0.9443972733608859,0.29102613576565517
