,layer0_hidden_states,layer1_hidden_states,layer2_hidden_states,x_hidden_states
Acc,0.9582305554009296,0.9842206156586601,0.979936558907846,0.9277803097776169
Precision_0,0.9722011529858163,0.9909342043454874,0.9861499709358651,0.9262270979876176
Recall_0,0.9812827909110522,0.9913994246478074,0.9914564046770377,0.9986670569230492
F1_0,0.9767208619342818,0.9911667599069642,0.9887960685335272,0.9610840031176666
Precision_1,0.8306349262308086,0.9279598272014882,0.9253667211217752,0.9679931706290271
Recall_1,0.765896670120477,0.9243249832388615,0.8838219459173929,0.336344243310782
F1_1,0.7969532523375945,0.9261388387895271,0.9041173328677927,0.49922501191129554
Avg_F1,0.7969532523375945,0.9261388387895271,0.9041173328677927,0.49922501191129554
