,layer0_hidden_states,layer1_hidden_states,layer2_hidden_states,x_hidden_states
Acc,0.969501503006012,0.9736960528199256,0.9754795304895505,0.820197090609791
Precision_0,0.9813643536059062,0.9852511896887517,0.9817227713876443,0.8131332478542678
Recall_0,0.9796216369812145,0.981066412206321,0.9870359009777246,1.0
F1_0,0.9804922209225938,0.9831543478615851,0.9843721668565407,0.8969371101837785
Precision_1,0.9271945502640099,0.9329483607619541,0.9524626147553528,1.0
Recall_1,0.9331146098643462,0.9471959610162418,0.9339286558579448,0.17371659276526902
F1_1,0.930145160364909,0.9400181772372436,0.943104586424648,0.2960111390365434
Avg_F1,0.930145160364909,0.9400181772372436,0.943104586424648,0.2960111390365434
