,layer0_hidden_states,layer1_hidden_states,layer2_hidden_states,x_hidden_states
Acc,0.990208553675304,0.9923716739959364,0.988696891786579,0.9336543078014974
Precision_0,0.9941149227771927,0.9954757026223618,0.9927875197292115,0.9427555153617881
Recall_0,0.994939305714572,0.9959952179965196,0.9945842546018029,0.9856486394733182
F1_0,0.9945269434091053,0.9957353925464065,0.9936850749731826,0.9637250456471553
Precision_1,0.9569523683437522,0.9660230831761856,0.9535447426499731,0.803114720188965
Recall_1,0.9502493693871347,0.9617647300483949,0.9389681776726072,0.49447443450253475
F1_1,0.9535890897772318,0.9638892034050087,0.9462003241517924,0.6120884960702598
Avg_F1,0.9535890897772318,0.9638892034050087,0.9462003241517924,0.6120884960702598
