,layer0_hidden_states,layer1_hidden_states,layer2_hidden_states,x_hidden_states
Acc,0.9730310125525342,0.9722864886303543,0.9745922513846753,0.8989856731331236
Precision_0,0.9831351347779544,0.9853556462187256,0.9857654017987874,0.9226679328428679
Recall_0,0.9827238681098028,0.9794807748196813,0.9820226289971731,0.9519337466644356
F1_0,0.9829294584244475,0.9824094275707642,0.9838904559830368,0.9370723944609793
Precision_1,0.9350746330404276,0.9244605920114123,0.9332863533304737,0.7945492958409207
Recall_1,0.9365469718566646,0.9452070971591474,0.946624208572281,0.6996884012331356
F1_1,0.9358102233299934,0.9347187392437429,0.9399079653008202,0.7441077515263551
Avg_F1,0.9358102233299934,0.9347187392437429,0.9399079653008202,0.7441077515263551
