,layer0_hidden_states,layer1_hidden_states,layer2_hidden_states,x_hidden_states
Acc,0.9776816777533469,0.9862063027081188,0.9837491998107378,0.9291080151131398
Precision_0,0.9855539182489926,0.9918665486116713,0.989065358793066,0.9275243310238791
Recall_0,0.9895439879146438,0.9927136702460359,0.9928012170957597,0.9987568347339209
F1_0,0.9875449227358067,0.9922899286311573,0.990929766860444,0.9618235192863676
Precision_1,0.9085541707431196,0.9380074319906645,0.9371902159152634,0.9701098078654707
Recall_1,0.8774844503602915,0.9312406024304272,0.9072896382295185,0.3408061984931023
F1_1,0.8927490679283768,0.9346117689745027,0.9219975702518672,0.5044097930543859
Avg_F1,0.8927490679283768,0.9346117689745027,0.9219975702518672,0.5044097930543859
