,layer0_hidden_states,layer1_hidden_states,layer2_hidden_states,x_hidden_states
Acc,0.9695275752177906,0.9753446032452893,0.9769071467338362,0.8242253820033956
Precision_0,0.9809319522794391,0.9868572697613086,0.9827190139617873,0.8185906321888142
Recall_0,0.9804498286102192,0.9818372565733394,0.9881170486685265,0.998591633886523
F1_0,0.9806908311898603,0.9843408628517671,0.9854106388233997,0.8996761328153312
Precision_1,0.926915479351321,0.9332488219367825,0.9545613524982196,0.9701098078654707
Recall_1,0.9286216922864212,0.9510284015047865,0.9349239661815113,0.17119113802062375
F1_1,0.9277678013660926,0.9420547298360803,0.944640613841671,0.29102613576565517
Avg_F1,0.9277678013660926,0.9420547298360803,0.944640613841671,0.29102613576565517
