,layer0_hidden_states,layer1_hidden_states,layer2_hidden_states,x_hidden_states
Acc,0.9584901820256617,0.9842419250466197,0.9800209266887473,0.9277803097776169
Precision_0,0.9731924608267221,0.9912883533604432,0.9861677558604308,0.9262270979876176
Recall_0,0.9805245182143725,0.9910629015691911,0.9915338390757352,0.9986670569230492
F1_0,0.976844731369773,0.9911756146445588,0.9888435175909905,0.9610840031176666
Precision_1,0.8266091443189455,0.9255754911344354,0.9260041203412052,0.9679931706290271
Recall_1,0.7746490319172711,0.9273318299099977,0.8839641616383251,0.336344243310782
F1_1,0.7997860469018753,0.9264528281206551,0.9044959119568765,0.49922501191129554
Avg_F1,0.7997860469018753,0.9264528281206551,0.9044959119568765,0.49922501191129554
