,layer0_hidden_states,layer1_hidden_states,layer2_hidden_states,x_hidden_states
Acc,0.9873887562971416,0.9921742359932089,0.9879936819839127,0.9320308803473517
Precision_0,0.9918140799573965,0.9949463508772272,0.9920518444569133,0.9391724553676224
Recall_0,0.9940818691008015,0.9962967851088295,0.9945226120619417,0.9878656888179371
F1_0,0.9929466796808968,0.9956211100698895,0.9932856917721999,0.9629038712491947
Precision_1,0.9496624000662773,0.9687487156724944,0.9533302073521418,0.8215761394965806
Recall_1,0.931545478555901,0.957778184108409,0.9335202454237013,0.4661790699091851
F1_1,0.9405167020501933,0.9632322142604659,0.943321234417856,0.5948360337005832
Avg_F1,0.9405167020501933,0.9632322142604659,0.943321234417856,0.5948360337005832
