,layer0_hidden_states,layer1_hidden_states,layer2_hidden_states,x_hidden_states
Acc,0.9693879769823819,0.9753476474435693,0.9768567000194829,0.8242253820033956
Precision_0,0.9806270022933733,0.9866546427250724,0.9823959166237664,0.8185906321888142
Recall_0,0.9805864775914955,0.9820482910887783,0.9883886936192089,0.998591633886523
F1_0,0.9806067395237519,0.9843460779589452,0.9853831936803057,0.8996761328153312
Precision_1,0.9273039767920737,0.9339228491461485,0.9554967519576952,0.9701098078654707
Recall_1,0.9274474965279712,0.9502524830422607,0.9336672259057713,0.17119113802062375
F1_1,0.92737573110728,0.9420169038517993,0.9444558674798013,0.29102613576565517
Avg_F1,0.92737573110728,0.9420169038517993,0.9444558674798013,0.29102613576565517
