,layer0_hidden_states,layer1_hidden_states,layer2_hidden_states,x_hidden_states
Acc,0.9613873890172284,0.9633117572156197,0.9610786203345487,0.8348061454535334
Precision_0,0.9794932898532548,0.9816328947609853,0.9739671312806024,0.8298711578529798
Recall_0,0.9714677143788144,0.9717467789236365,0.9768481008199104,0.9948739090612864
F1_0,0.9754639949020113,0.9766648198710415,0.9754054887382102,0.9049123384962143
Precision_1,0.895817171063474,0.8975385702508538,0.9118747616792863,0.9233131865417237
Recall_1,0.923444906686114,0.9315622203069579,0.9017220804190009,0.23230889713925812
F1_1,0.9094212582761189,0.9142339532410707,0.9067700032292676,0.37121801514283725
Avg_F1,0.9094212582761189,0.9142339532410707,0.9067700032292676,0.37121801514283725
