,layer0_hidden_states,layer1_hidden_states,layer2_hidden_states,x_hidden_states
Acc,0.9729957868295805,0.9720525202482674,0.9745144068858026,0.8987830165047733
Precision_0,0.9844356773500675,0.9836875643069423,0.9852293507593141,0.9214724128792757
Recall_0,0.9813368017331725,0.9808937110850822,0.9824728751464126,0.9531166060467288
F1_0,0.98288379698273,0.9822886511109005,0.9838491822344587,0.9370274229306719
Precision_1,0.9305740687277202,0.9288443562537922,0.9347151746266056,0.7973336949952651
Recall_1,0.9416000928166539,0.9387741571916333,0.944558623661617,0.6942706434183048
F1_1,0.9360546123166056,0.9337828592154179,0.9396111196411476,0.7422415759828297
Avg_F1,0.9360546123166056,0.9337828592154179,0.9396111196411476,0.7422415759828297
