,layer0_hidden_states,layer1_hidden_states,layer2_hidden_states,x_hidden_states
Acc,0.9767557436301174,0.9786367377612367,0.9761616983967936,0.9321227275980533
Precision_0,0.9876855215693077,0.9898131220499388,0.9873151230673497,0.9421476250535714
Recall_0,0.9867233418329674,0.9866450730016835,0.9864407864294645,0.9858397408760202
F1_0,0.9872041972537892,0.9882265585055584,0.9868777610910879,0.9634986068510263
Precision_1,0.8690975980275579,0.8711543393394819,0.8661948226698857,0.7381362026745318
Recall_1,0.8775262177790846,0.8989120846809762,0.8738312261099677,0.39735862001372146
F1_1,0.8732915710596709,0.8848155669501377,0.8699962675552975,0.5166113962237704
Avg_F1,0.8732915710596709,0.8848155669501377,0.8699962675552975,0.5166113962237704
