,layer0_hidden_states,layer1_hidden_states,layer2_hidden_states,x_hidden_states
Acc,0.9935034142640364,0.9938669701568033,0.9918990263024785,0.9517261001517451
Precision_0,0.9875189300481546,0.9892296925939201,0.9844995383742303,0.9444254724038118
Recall_0,0.9869815139198312,0.9856294960970051,0.9883420349994048,0.9876787809731127
F1_0,0.9872501488474951,0.987426312740655,0.9864170446782058,0.9655679787189825
Precision_1,0.8628873365574065,0.8534258456201215,0.8711829371417833,0.7465010496850945
Recall_1,0.8678616465501712,0.8863267879661322,0.8351648351648352,0.3843451630336876
F1_1,0.8653673432728579,0.8695652173913043,0.8527937456886641,0.507432512783922
Avg_F1,0.8653673432728579,0.8695652173913043,0.8527937456886641,0.507432512783922
